{
  "project_info": {
    "project_number": "667164915981",
    "firebase_url": "https://schooltestapp-6caf1.firebaseio.com",
    "project_id": "schooltestapp-6caf1",
    "storage_bucket": "schooltestapp-6caf1.appspot.com"
  },
  "client": [
    {
      "client_info": {
        "mobilesdk_app_id": "1:667164915981:android:af351dc5dc0bbd837a5844",
        "android_client_info": {
          "package_name": "com.example.schooltestapp"
        }
      },
      "oauth_client": [
        {
          "client_id": "667164915981-dgjugtkmf9g1ha53rpbochu410qqi1ie.apps.googleusercontent.com",
          "client_type": 1,
          "android_info": {
            "package_name": "com.example.schooltestapp",
            "certificate_hash": "ff1978307aed11bfed0d754b552b9d9170b941ff"
          }
        },
        {
          "client_id": "667164915981-k9raqpdbb1urm7d4k664mur7i0nkrjmi.apps.googleusercontent.com",
          "client_type": 3
        }
      ],
      "api_key": [
        {
          "current_key": "AIzaSyCTog_XB8bbZiWJ3h2ltosCJKreTFS7IYA"
        }
      ],
      "services": {
        "appinvite_service": {
          "other_platform_oauth_client": [
            {
              "client_id": "667164915981-k9raqpdbb1urm7d4k664mur7i0nkrjmi.apps.googleusercontent.com",
              "client_type": 3
            }
          ]
        }
      }
    }
  ],
  "configuration_version": "1"
}